# Title: 0.0 Degrees N, 0.0 Degrees E Average Temperature Anomalies
# Units: Degrees Celsius
# Missing: -999
# Base Period: 1991-2020
Date,Anomaly
185001,-0.72
185002,-0.95
185003,-1.76
185004,-1.64
185005,-2.07
185006,-2.03
185007,-2.44
185008,-2.92
185009,-2.87
185010,-2.84
185011,-2.60
185012,-2.27
185101,-0.87
185102,0.08
185103,-1.11
185104,-0.50
185105,-1.45
185106,-1.42
185107,-0.98
185108,-1.06
185109,-1.12
185110,-0.63
185111,-0.91
185112,0.58
185201,-1.03
185202,-0.98
185203,-1.25
185204,-1.25
185205,-1.74
185206,-1.51
185207,-1.39
185208,-1.38
185209,-1.13
185210,0.89
185211,0.01
185212,-0.79
185301,-1.50
185302,-1.59
185303,-1.68
185304,-1.78
185305,-2.07
185306,-0.23
185307,0.03
185308,-0.02
185309,-0.91
185310,-0.88
185311,-0.43
185312,-0.49
185401,-0.67
185402,-1.81
185403,-0.44
185404,0.04
185405,-0.14
185406,-2.02
185407,-2.08
185408,-2.08
185409,-1.71
185410,-2.52
185411,-1.80
185412,-0.89
185501,-0.96
185502,-1.35
185503,-2.02
185504,-2.52
185505,-2.45
185506,-2.00
185507,-1.05
185508,-0.44
185509,-0.44
185510,-0.20
185511,-0.95
185512,-0.71
185601,-0.77
185602,-0.63
185603,-0.70
185604,-1.06
185605,-1.98
185606,-1.42
185607,-0.47
185608,-0.71
185609,-0.55
185610,-0.42
185611,-0.55
185612,-0.56
185701,-0.80
185702,-0.90
185703,-1.49
185704,-0.86
185705,-0.80
185706,-1.32
185707,-1.06
185708,-1.16
185709,-1.31
185710,-1.94
185711,-1.78
185712,1.13
185801,0.45
185802,-0.20
185803,-1.13
185804,-1.36
185805,-1.14
185806,-1.25
185807,-2.00
185808,-1.81
185809,-0.92
185810,-0.84
185811,-0.56
185812,-0.62
185901,-0.83
185902,0.41
185903,0.91
185904,1.53
185905,-0.23
185906,-0.17
185907,-0.51
185908,-0.60
185909,-0.35
185910,-0.63
185911,-0.67
185912,-0.45
186001,-0.32
186002,-0.03
186003,-0.57
186004,-0.70
186005,-0.24
186006,-0.48
186007,-0.83
186008,-0.77
186009,-0.67
186010,-2.02
186011,-0.71
186012,1.28
186101,-0.21
186102,-0.88
186103,-1.74
186104,-1.12
186105,-1.03
186106,-0.42
186107,-0.82
186108,-0.90
186109,-0.73
186110,-0.29
186111,-0.27
186112,-0.02
186201,-0.54
186202,-0.69
186203,-0.60
186204,-0.85
186205,-3.11
186206,-1.23
186207,-1.24
186208,-0.95
186209,-1.06
186210,-0.57
186211,-0.76
186212,-1.08
186301,-0.48
186302,0.79
186303,-0.05
186304,0.57
186305,0.53
186306,-0.46
186307,-2.52
186308,-1.15
186309,0.02
186310,0.33
186311,-0.31
186312,-0.64
186401,-0.88
186402,-0.87
186403,0.22
186404,-0.56
186405,-0.55
186406,-0.64
186407,-0.06
186408,-0.45
186409,-0.32
186410,-0.10
186411,0.40
186412,-0.97
186501,-0.58
186502,-0.73
186503,-0.91
186504,-0.98
186505,-1.07
186506,-0.79
186507,0.01
186508,0.52
186509,0.44
186510,-0.63
186511,-0.57
186512,-0.53
186601,-0.82
186602,-0.13
186603,-0.38
186604,0.34
186605,0.27
186606,-0.28
186607,-0.76
186608,0.04
186609,1.07
186610,-1.12
186611,-1.83
186612,-0.37
186701,-0.11
186702,0.16
186703,-0.22
186704,-0.02
186705,-0.51
186706,-1.13
186707,0.41
186708,-0.22
186709,-0.19
186710,-0.85
186711,-0.71
186712,-0.70
186801,-0.75
186802,-1.25
186803,-0.84
186804,-0.85
186805,-0.56
186806,0.00
186807,-0.85
186808,-0.68
186809,-1.00
186810,-0.82
186811,-0.54
186812,-0.10
186901,-0.37
186902,0.29
186903,-0.74
186904,-0.98
186905,-1.10
186906,-1.39
186907,-0.02
186908,-0.16
186909,-0.14
186910,-0.13
186911,0.14
186912,-0.32
187001,-0.15
187002,-0.25
187003,-0.85
187004,0.05
187005,0.63
187006,-0.24
187007,0.39
187008,-0.29
187009,-2.06
187010,-2.20
187011,-0.72
187012,-0.58
187101,-1.31
187102,-0.82
187103,-1.23
187104,-0.92
187105,-0.74
187106,-0.41
187107,-0.71
187108,-0.87
187109,-1.21
187110,-1.04
187111,0.41
187112,0.78
187201,-0.12
187202,-0.67
187203,-1.19
187204,-0.84
187205,-0.60
187206,-0.75
187207,-0.23
187208,0.08
187209,0.55
187210,-0.60
187211,-0.83
187212,-0.86
187301,-0.72
187302,-1.07
187303,-1.47
187304,-1.87
187305,-1.32
187306,0.33
187307,0.58
187308,0.24
187309,-0.24
187310,-0.59
187311,-0.68
187312,0.46
187401,-0.06
187402,-1.13
187403,-0.84
187404,-0.72
187405,-1.18
187406,-0.31
187407,-0.96
187408,-0.16
187409,-0.20
187410,-0.69
187411,-1.46
187412,-1.79
187501,-1.51
187502,0.16
187503,0.22
187504,0.60
187505,-0.70
187506,-1.64
187507,-0.79
187508,-1.68
187509,-0.96
187510,-0.15
187511,-0.01
187512,0.83
187601,0.13
187602,-1.48
187603,-0.57
187604,-0.47
187605,-1.05
187606,-1.50
187607,-2.81
187608,-0.90
187609,-0.11
187610,-2.41
187611,-2.41
187612,-1.63
187701,-0.44
187702,0.00
187703,-0.48
187704,-1.68
187705,-0.73
187706,-0.47
187707,-0.12
187708,-0.97
187709,-0.83
187710,0.10
187711,-0.13
187712,-0.64
187801,-1.08
187802,0.00
187803,-0.15
187804,-0.55
187805,-1.14
187806,-0.74
187807,0.40
187808,-0.99
187809,0.39
187810,-0.82
187811,-1.87
187812,-0.41
187901,-2.27
187902,-1.09
187903,-2.54
187904,-0.68
187905,-0.47
187906,-0.49
187907,-0.49
187908,-0.68
187909,-0.19
187910,-0.14
187911,-0.55
187912,-1.07
188001,-0.27
188002,0.58
188003,0.60
188004,-0.99
188005,-0.50
188006,-1.10
188007,1.48
188008,-0.09
188009,0.13
188010,-0.38
188011,-1.46
188012,-0.55
188101,0.31
188102,-0.01
188103,0.00
188104,0.90
188105,1.21
188106,1.08
188107,-1.90
188108,-1.34
188109,-0.88
188110,-1.41
188111,-2.41
188112,-1.06
188201,0.26
188202,-0.33
188203,-0.81
188204,-0.91
188205,-1.30
188206,-1.67
188207,-1.69
188208,-1.54
188209,-1.67
188210,-1.75
188211,-1.46
188212,-1.43
188301,-1.87
188302,-0.51
188303,-0.92
188304,-0.55
188305,-0.91
188306,-2.11
188307,-1.99
188308,-2.18
188309,-1.53
188310,-2.02
188311,-1.13
188312,-0.36
188401,-0.75
188402,-0.79
188403,-0.94
188404,-1.65
188405,-1.44
188406,-1.19
188407,-1.89
188408,-0.76
188409,-1.35
188410,-1.41
188411,-1.29
188412,-1.23
188501,-1.45
188502,-1.22
188503,-0.90
188504,-0.47
188505,-0.73
188506,-2.25
188507,-0.53
188508,0.37
188509,0.88
188510,0.79
188511,0.13
188512,-0.44
188601,-0.49
188602,-0.57
188603,-0.66
188604,-0.14
188605,-1.16
188606,-0.81
188607,-1.01
188608,-0.94
188609,-0.59
188610,-0.78
188611,-0.65
188612,-0.73
188701,-0.66
188702,-0.97
188703,-0.85
188704,-0.97
188705,-1.27
188706,-1.54
188707,-2.55
188708,-3.16
188709,-2.16
188710,-1.77
188711,-0.91
188712,-0.90
188801,-0.78
188802,-0.66
188803,-1.04
188804,-0.88
188805,-0.66
188806,-1.29
188807,-1.27
188808,-0.97
188809,-1.07
188810,-1.29
188811,-1.34
188812,-0.76
188901,-0.59
188902,-0.88
188903,-1.24
188904,-0.71
188905,0.25
188906,0.29
188907,0.71
188908,0.13
188909,-0.73
188910,-0.16
188911,-0.12
188912,-0.75
189001,-0.34
189002,-0.68
189003,-1.01
189004,-0.69
189005,-0.41
189006,-0.84
189007,-1.69
189008,-1.35
189009,-1.11
189010,-1.23
189011,-1.53
189012,-1.42
189101,-0.94
189102,-0.73
189103,-0.78
189104,-0.51
189105,-1.31
189106,-1.56
189107,-1.74
189108,-2.26
189109,-1.94
189110,-1.91
189111,-1.83
189112,-0.55
189201,-0.10
189202,-0.21
189203,-0.79
189204,-2.51
189205,-2.76
189206,-2.17
189207,-1.84
189208,-1.59
189209,-1.27
189210,-1.30
189211,-0.23
189212,0.19
189301,0.14
189302,-1.01
189303,-1.11
189304,-1.29
189305,-0.69
189306,-0.54
189307,-0.74
189308,-0.63
189309,-0.55
189310,-1.33
189311,-1.11
189312,-0.47
189401,-1.09
189402,-0.69
189403,-1.19
189404,-0.96
189405,-1.20
189406,-0.94
189407,-1.05
189408,-1.85
189409,-1.50
189410,-1.49
189411,-1.08
189412,-1.29
189501,-1.66
189502,-2.06
189503,-1.07
189504,-1.15
189505,-1.84
189506,-1.88
189507,-2.02
189508,-1.74
189509,-1.45
189510,-1.70
189511,-1.59
189512,-1.33
189601,-1.39
189602,-0.64
189603,-0.41
189604,-0.38
189605,-1.27
189606,-1.81
189607,-1.66
189608,-1.67
189609,-1.51
189610,-1.15
189611,-1.46
189612,-1.53
189701,-1.07
189702,-0.39
189703,-0.79
189704,-0.92
189705,-1.55
189706,-1.48
189707,-1.62
189708,-1.46
189709,-1.72
189710,-1.74
189711,-2.18
189712,-1.60
189801,-1.52
189802,-1.18
189803,-1.10
189804,-0.96
189805,-0.60
189806,-0.64
189807,-0.97
189808,-1.61
189809,-1.25
189810,-1.05
189811,-1.05
189812,-2.02
189901,-1.43
189902,-1.04
189903,-1.01
189904,-1.59
189905,-1.76
189906,-1.06
189907,-0.24
189908,-0.18
189909,0.33
189910,-1.41
189911,-1.10
189912,-1.30
190001,-1.14
190002,-0.85
190003,-0.30
190004,-1.25
190005,-1.81
190006,-2.38
190007,-1.02
190008,-0.44
190009,-0.20
190010,-1.21
190011,-1.17
190012,-1.52
190101,-0.43
190102,-0.63
190103,-0.99
190104,-1.92
190105,-1.63
190106,-2.11
190107,-1.09
190108,-0.95
190109,-0.41
190110,-0.34
190111,-0.81
190112,-1.26
190201,-1.28
190202,-1.01
190203,-0.71
190204,-0.47
190205,-1.07
190206,-1.57
190207,-2.61
190208,-1.78
190209,-1.41
190210,-2.48
190211,-2.38
190212,-2.38
190301,-1.72
190302,-1.47
190303,-1.79
190304,-1.74
190305,-1.80
190306,-1.29
190307,-1.68
190308,-2.10
190309,-1.70
190310,-1.03
190311,-1.52
190312,-1.72
190401,-2.60
190402,-2.31
190403,-2.53
190404,-2.34
190405,-2.75
190406,-2.40
190407,-2.42
190408,-2.18
190409,-1.89
190410,-1.98
190411,-1.65
190412,-1.48
190501,-2.00
190502,-1.89
190503,-1.95
190504,-1.69
190505,-1.77
190506,-1.85
190507,-2.63
190508,-2.84
190509,-2.61
190510,-1.88
190511,-1.97
190512,-2.05
190601,-2.04
190602,-1.81
190603,-0.96
190604,-1.62
190605,-1.97
190606,-2.35
190607,-2.16
190608,-2.13
190609,-1.90
190610,-2.07
190611,-1.52
190612,-1.37
190701,-1.29
190702,-1.15
190703,-1.00
190704,-0.95
190705,-1.62
190706,-1.77
190707,-1.78
190708,-1.67
190709,-1.62
190710,-1.62
190711,-1.12
190712,-1.16
190801,-1.34
190802,-1.56
190803,-1.47
190804,-1.07
190805,-1.32
190806,-1.75
190807,-2.00
190808,-1.50
190809,-1.25
190810,-1.25
190811,-1.25
190812,-1.46
190901,-1.81
190902,-1.63
190903,-1.25
190904,-1.35
190905,-0.97
190906,-1.29
190907,-1.13
190908,-1.24
190909,-0.90
190910,-1.00
190911,-0.73
190912,-1.32
191001,-1.26
191002,-0.63
191003,-1.06
191004,-0.90
191005,-0.72
191006,-0.53
191007,-0.95
191008,-1.02
191009,-0.91
191010,-1.37
191011,-0.93
191012,-1.03
191101,-1.59
191102,-1.14
191103,-1.78
191104,-1.74
191105,-2.04
191106,-1.76
191107,-1.92
191108,-2.01
191109,-1.68
191110,-1.80
191111,-1.33
191112,-1.45
191201,-1.11
191202,-0.82
191203,-0.82
191204,-0.78
191205,-0.98
191206,-1.30
191207,-1.72
191208,-2.06
191209,-2.06
191210,-1.13
191211,-0.96
191212,-1.14
191301,-0.67
191302,-0.98
191303,-1.01
191304,-1.36
191305,-0.95
191306,-0.76
191307,-0.76
191308,-0.84
191309,-0.91
191310,-0.91
191311,-0.91
191312,-0.96
191401,-0.96
191402,-1.06
191403,-1.09
191404,-0.70
191405,-1.33
191406,-1.46
191407,-1.83
191408,-2.36
191409,-2.33
191410,-0.83
191411,-0.65
191412,-0.61
191501,-1.56
191502,-1.11
191503,-0.33
191504,0.07
191505,-0.07
191506,-0.32
191507,-0.59
191508,-1.40
191509,-0.88
191510,-0.70
191511,-0.84
191512,-0.63
191601,-0.55
191602,-0.46
191603,-0.70
191604,-0.74
191605,-1.15
191606,-1.33
191607,-0.48
191608,-0.75
191609,-0.42
191610,-0.22
191611,-0.34
191612,-0.47
191701,-1.09
191702,-1.28
191703,-1.01
191704,-0.62
191705,-0.78
191706,-0.15
191707,0.69
191708,0.74
191709,0.27
191710,-0.01
191711,-0.19
191712,-0.29
191801,-0.76
191802,-0.39
191803,-1.12
191804,-1.63
191805,-2.04
191806,-3.37
191807,-1.40
191808,-1.38
191809,-1.53
191810,-1.35
191811,-0.53
191812,-0.70
191901,-0.58
191902,-1.10
191903,-0.85
191904,-1.29
191905,-1.97
191906,-2.06
191907,-1.92
191908,-2.27
191909,-1.38
191910,-1.23
191911,-1.16
191912,-1.27
192001,-0.48
192002,-0.39
192003,-0.24
192004,-0.84
192005,-2.12
192006,-1.41
192007,-1.08
192008,-1.33
192009,-1.42
192010,-1.37
192011,-0.95
192012,-1.07
192101,-1.14
192102,-1.09
192103,-0.97
192104,-0.18
192105,-0.44
192106,-0.38
192107,-0.18
192108,-0.38
192109,-0.31
192110,-0.56
192111,-0.86
192112,-0.97
192201,-1.01
192202,-0.75
192203,-0.84
192204,-1.12
192205,-1.28
192206,-1.16
192207,-1.57
192208,-1.21
192209,-0.98
192210,-1.40
192211,-1.26
192212,-1.27
192301,-1.19
192302,-1.34
192303,-1.35
192304,-1.25
192305,-1.42
192306,-1.43
192307,-1.76
192308,-2.35
192309,-2.07
192310,-1.06
192311,-0.94
192312,-0.49
192401,-0.74
192402,-0.68
192403,-0.35
192404,-0.69
192405,-0.60
192406,-0.37
192407,-0.69
192408,-1.01
192409,-1.09
192410,-1.28
192411,-1.33
192412,-1.17
192501,-1.67
192502,-1.59
192503,-1.41
192504,-0.99
192505,-0.68
192506,-0.53
192507,-0.62
192508,-0.83
192509,-1.15
192510,-1.80
192511,-1.28
192512,-0.75
192601,-0.98
192602,-0.38
192603,-0.51
192604,-0.37
192605,-0.90
192606,-0.60
192607,-0.89
192608,-1.06
192609,-0.61
192610,-0.25
192611,-0.74
192612,-0.60
192701,-0.76
192702,-0.77
192703,-0.76
192704,-0.64
192705,-0.54
192706,-0.34
192707,-0.99
192708,-1.13
192709,-1.00
192710,-0.69
192711,-0.51
192712,-0.29
192801,-0.69
192802,-0.68
192803,-1.07
192804,-0.92
192805,-0.78
192806,-0.90
192807,-1.21
192808,-1.20
192809,-1.27
192810,-0.98
192811,-0.77
192812,-0.79
192901,-0.85
192902,-0.76
192903,-0.60
192904,-0.62
192905,-1.30
192906,-1.16
192907,-1.05
192908,-1.35
192909,-1.37
192910,-1.17
192911,-0.73
192912,-1.15
193001,-0.98
193002,-0.73
193003,-1.08
193004,-1.04
193005,-0.97
193006,-0.99
193007,-0.88
193008,-1.10
193009,-0.93
193010,-0.72
193011,-0.49
193012,-0.60
193101,-0.73
193102,-0.50
193103,-0.41
193104,-0.55
193105,-0.56
193106,-0.71
193107,-1.11
193108,-0.91
193109,-0.81
193110,-0.84
193111,-0.98
193112,-0.83
193201,-1.02
193202,-0.87
193203,-0.98
193204,-0.91
193205,-1.62
193206,-1.96
193207,-1.83
193208,-1.77
193209,-1.80
193210,-1.50
193211,-0.92
193212,-0.84
193301,-0.68
193302,-0.71
193303,-0.83
193304,-0.79
193305,-1.09
193306,-0.74
193307,-0.45
193308,-0.80
193309,-0.83
193310,-0.15
193311,-0.38
193312,-0.39
193401,-0.98
193402,-1.00
193403,-0.96
193404,-0.86
193405,-0.62
193406,-0.11
193407,0.01
193408,0.22
193409,-0.01
193410,-0.58
193411,-0.79
193412,-0.35
193501,-0.49
193502,-0.83
193503,-0.90
193504,-0.84
193505,-0.93
193506,-0.63
193507,-0.93
193508,-0.86
193509,-0.93
193510,-0.67
193511,-0.31
193512,-0.41
193601,-0.48
193602,-0.56
193603,-0.96
193604,-0.73
193605,-1.37
193606,-1.80
193607,-1.67
193608,-1.59
193609,-1.20
193610,-1.03
193611,-0.71
193612,-0.85
193701,-0.57
193702,-0.40
193703,-0.56
193704,-0.18
193705,-0.34
193706,0.30
193707,-0.41
193708,-0.73
193709,-0.42
193710,-0.17
193711,-0.18
193712,-0.11
193801,-0.33
193802,-0.26
193803,-0.32
193804,-0.29
193805,-0.70
193806,-0.91
193807,-1.19
193808,-1.02
193809,-0.77
193810,-0.42
193811,-0.98
193812,-0.84
193901,-0.93
193902,-1.09
193903,-1.18
193904,-0.59
193905,-0.27
193906,0.04
193907,-0.39
193908,-0.93
193909,-2.28
193910,-2.46
193911,-1.89
193912,-1.08
194001,-0.70
194002,-0.89
194003,-1.80
194004,-2.03
194005,-1.50
194006,-0.99
194007,-1.08
194008,-0.94
194009,-1.12
194010,-0.65
194011,-1.02
194012,-1.26
194101,-0.69
194102,-0.34
194103,-0.14
194104,0.35
194105,0.00
194106,-0.06
194107,-0.26
194108,-0.59
194109,-0.61
194110,-0.32
194111,-0.11
194112,-0.24
194201,-1.63
194202,-0.06
194203,0.57
194204,-0.07
194205,-1.28
194206,-0.59
194207,-0.68
194208,-1.33
194209,-0.83
194210,-0.32
194211,-0.56
194212,-0.75
194301,-1.96
194302,-1.10
194303,-0.85
194304,-0.63
194305,-0.63
194306,-0.42
194307,-0.50
194308,-0.79
194309,-1.42
194310,-1.78
194311,-0.78
194312,-1.23
194401,-1.23
194402,1.05
194403,0.91
194404,0.44
194405,-0.66
194406,-0.38
194407,-0.21
194408,-0.58
194409,-0.10
194410,0.11
194411,0.92
194412,0.91
194501,0.89
194502,0.48
194503,0.04
194504,-0.24
194505,0.03
194506,-0.25
194507,-0.72
194508,-0.84
194509,-0.33
194510,-1.18
194511,-0.23
194512,-0.38
194601,-1.05
194602,-1.13
194603,-0.74
194604,-1.79
194605,-0.97
194606,-1.35
194607,-1.39
194608,-1.41
194609,-1.33
194610,-1.46
194611,-1.47
194612,-1.24
194701,-0.93
194702,-0.62
194703,-1.07
194704,-1.02
194705,-0.72
194706,-0.52
194707,0.03
194708,-0.32
194709,-0.94
194710,-0.94
194711,-0.77
194712,-0.81
194801,-1.32
194802,-1.40
194803,-1.30
194804,-0.91
194805,-0.98
194806,-1.13
194807,-1.45
194808,-1.52
194809,-1.74
194810,-1.26
194811,-1.11
194812,-1.35
194901,-1.25
194902,-1.12
194903,-1.06
194904,-0.72
194905,-1.10
194906,-1.07
194907,-0.81
194908,-0.72
194909,-0.99
194910,-0.70
194911,-0.61
194912,-0.72
195001,-0.77
195002,-0.98
195003,-0.56
195004,-0.56
195005,-0.62
195006,-0.57
195007,-1.00
195008,-1.84
195009,-1.74
195010,-1.71
195011,-1.21
195012,-1.42
195101,-1.13
195102,-0.95
195103,-1.16
195104,-1.40
195105,-1.44
195106,-0.82
195107,-0.19
195108,-0.46
195109,-0.43
195110,-0.67
195111,-0.98
195112,-0.55
195201,-0.39
195202,-0.49
195203,-0.48
195204,-0.48
195205,-0.84
195206,-0.81
195207,-1.10
195208,-1.16
195209,-0.58
195210,-0.98
195211,-1.01
195212,-0.87
195301,-0.96
195302,-0.78
195303,-0.94
195304,-0.80
195305,-1.01
195306,-0.83
195307,-0.94
195308,-1.27
195309,-0.78
195310,-0.67
195311,-0.71
195312,-0.77
195401,-1.13
195402,-0.95
195403,-1.09
195404,-1.40
195405,-1.45
195406,-1.52
195407,-1.79
195408,-1.67
195409,-1.12
195410,-0.73
195411,-0.85
195412,-0.55
195501,-1.05
195502,-1.13
195503,-1.19
195504,-0.42
195505,-0.80
195506,-0.55
195507,-0.60
195508,-0.92
195509,-0.88
195510,-1.14
195511,-0.59
195512,-0.92
195601,-1.02
195602,-1.37
195603,-1.08
195604,-0.43
195605,-0.92
195606,-1.07
195607,-1.47
195608,-1.30
195609,-0.91
195610,-0.99
195611,-0.89
195612,-1.42
195701,-1.32
195702,-1.32
195703,-1.20
195704,-0.96
195705,-0.66
195706,-0.27
195707,-0.17
195708,-0.69
195709,-0.84
195710,-1.11
195711,-0.58
195712,-0.63
195801,-0.23
195802,-0.26
195803,-0.08
195804,-0.39
195805,-1.60
195806,-1.58
195807,-2.06
195808,-1.47
195809,-1.02
195810,-1.21
195811,-1.34
195812,-0.94
195901,-0.76
195902,-0.62
195903,-0.55
195904,-0.06
195905,-0.76
195906,-0.71
195907,-0.18
195908,-0.64
195909,-0.42
195910,-0.36
195911,-0.54
195912,-0.58
196001,-0.59
196002,-0.70
196003,-0.99
196004,-0.77
196005,-0.90
196006,-0.50
196007,-0.52
196008,-0.34
196009,-0.47
196010,-0.42
196011,-0.49
196012,-0.39
196101,-0.45
196102,-0.15
196103,-0.31
196104,-0.14
196105,0.26
196106,-0.53
196107,-1.33
196108,-0.68
196109,-0.91
196110,-0.43
196111,0.01
196112,-0.22
196201,-0.32
196202,-0.24
196203,-0.40
196204,-0.21
196205,-0.22
196206,-0.50
196207,-0.56
196208,-0.63
196209,-0.99
196210,-0.56
196211,-0.68
196212,-0.27
196301,-0.20
196302,-0.24
196303,-0.18
196304,-0.10
196305,0.04
196306,0.60
196307,0.37
196308,0.53
196309,0.33
196310,-0.06
196311,0.08
196312,-0.35
196401,-0.09
196402,-0.32
196403,-0.34
196404,-0.10
196405,-0.24
196406,-0.45
196407,-0.44
196408,-0.67
196409,-1.18
196410,-1.65
196411,-1.34
196412,-1.24
196501,-1.22
196502,-1.01
196503,-0.47
196504,-0.16
196505,-0.27
196506,-0.25
196507,-0.77
196508,-0.60
196509,-0.47
196510,-0.60
196511,-0.52
196512,-0.67
196601,-0.66
196602,-0.48
196603,-0.28
196604,-0.17
196605,-0.13
196606,0.19
196607,0.40
196608,-0.27
196609,-0.87
196610,-0.55
196611,-0.37
196612,0.00
196701,-0.18
196702,-0.33
196703,-0.36
196704,-0.27
196705,-0.10
196706,-0.62
196707,-0.86
196708,-1.07
196709,-1.16
196710,-1.27
196711,-0.96
196712,-0.97
196801,-1.05
196802,-0.67
196803,-1.13
196804,-0.34
196805,-0.38
196806,-0.39
196807,-0.21
196808,0.22
196809,-0.11
196810,0.04
196811,-0.17
196812,-0.64
196901,-0.13
196902,0.06
196903,-0.03
196904,0.06
196905,-0.32
196906,-0.45
196907,-0.83
196908,-0.88
196909,-0.95
196910,-0.99
196911,-1.07
196912,-0.80
197001,-0.61
197002,-0.37
197003,-0.44
197004,-0.23
197005,-0.36
197006,-0.53
197007,-0.82
197008,-0.86
197009,-0.81
197010,-0.57
197011,-0.35
197012,-0.44
197101,-0.74
197102,-1.02
197103,-0.80
197104,-0.37
197105,-0.25
197106,-0.39
197107,-0.39
197108,-0.66
197109,-0.89
197110,-0.69
197111,-0.86
197112,-1.33
197201,-0.85
197202,-0.72
197203,-0.79
197204,-0.66
197205,-0.87
197206,-0.56
197207,-0.59
197208,-0.96
197209,-0.42
197210,-0.30
197211,-0.33
197212,-0.17
197301,-0.06
197302,0.15
197303,-0.01
197304,0.07
197305,0.10
197306,0.00
197307,0.39
197308,0.11
197309,0.21
197310,0.29
197311,0.19
197312,-0.17
197401,-0.57
197402,-0.54
197403,-0.78
197404,-0.48
197405,-0.26
197406,0.03
197407,-0.23
197408,-0.48
197409,-0.73
197410,-1.08
197411,-0.68
197412,-0.63
197501,-0.49
197502,-0.29
197503,-0.66
197504,-0.39
197505,-0.36
197506,-0.11
197507,-0.35
197508,-0.94
197509,-0.99
197510,-0.64
197511,-0.48
197512,-0.82
197601,-0.90
197602,-0.79
197603,-0.69
197604,-0.65
197605,-1.00
197606,-1.09
197607,-1.53
197608,-1.46
197609,-1.20
197610,-1.50
197611,-1.11
197612,-0.85
197701,-0.80
197702,-0.61
197703,-0.77
197704,-0.34
197705,-0.31
197706,-0.80
197707,-0.79
197708,-0.47
197709,-0.38
197710,-0.42
197711,-0.37
197712,-0.67
197801,-0.77
197802,-0.77
197803,-1.01
197804,-0.99
197805,-1.21
197806,-0.95
197807,-1.16
197808,-0.79
197809,-0.72
197810,-0.86
197811,-0.88
197812,-0.77
197901,-0.47
197902,-0.47
197903,-0.51
197904,0.01
197905,-0.42
197906,-0.48
197907,-0.26
197908,-0.28
197909,-0.46
197910,-0.38
197911,-0.39
197912,-0.34
198001,-0.34
198002,-0.39
198003,-0.77
198004,-0.26
198005,-0.49
198006,-0.91
198007,-0.95
198008,-0.51
198009,-0.22
198010,-0.42
198011,-0.53
198012,-0.72
198101,-0.89
198102,-0.60
198103,-0.64
198104,-0.25
198105,-0.91
198106,-0.53
198107,-0.90
198108,-0.73
198109,-0.43
198110,-0.37
198111,0.04
198112,-0.22
198201,-0.24
198202,-0.28
198203,-0.27
198204,-0.32
198205,-0.71
198206,-1.08
198207,-1.11
198208,-1.15
198209,-1.02
198210,-1.10
198211,-1.17
198212,-0.53
198301,-1.00
198302,-0.41
198303,0.01
198304,-0.47
198305,-0.64
198306,-0.88
198307,-0.94
198308,-1.07
198309,-1.06
198310,-0.59
198311,-0.42
198312,-0.67
198401,-0.64
198402,-0.51
198403,-0.19
198404,-0.23
198405,-0.12
198406,0.35
198407,0.19
198408,0.21
198409,0.29
198410,-0.06
198411,-0.41
198412,-0.05
198501,-0.38
198502,-0.56
198503,-0.53
198504,-0.50
198505,-0.33
198506,-0.45
198507,-0.45
198508,-0.11
198509,-0.44
198510,-0.35
198511,-0.18
198512,-0.46
198601,-0.59
198602,-0.41
198603,-0.49
198604,-0.19
198605,-0.12
198606,-0.17
198607,-0.81
198608,-0.93
198609,-0.49
198610,-0.91
198611,-0.78
198612,-1.09
198701,-0.61
198702,-0.51
198703,-0.31
198704,0.26
198705,0.36
198706,0.30
198707,0.76
198708,0.91
198709,0.45
198710,0.20
198711,0.30
198712,0.19
198801,-0.11
198802,-0.12
198803,0.11
198804,0.28
198805,0.13
198806,0.55
198807,0.40
198808,-0.30
198809,-0.07
198810,-0.10
198811,-0.06
198812,-0.39
198901,-0.48
198902,-0.42
198903,-0.81
198904,-0.17
198905,-0.07
198906,0.12
198907,0.19
198908,0.07
198909,-0.26
198910,-0.28
198911,-0.39
198912,-0.42
199001,-0.94
199002,-0.63
199003,-0.34
199004,0.01
199005,-0.58
199006,-0.35
199007,-0.44
199008,-0.70
199009,-0.30
199010,-0.21
199011,-0.17
199012,-0.48
199101,-0.14
199102,-0.12
199103,-0.26
199104,-0.44
199105,-0.14
199106,0.24
199107,0.34
199108,-0.16
199109,-0.15
199110,-0.68
199111,-0.85
199112,-0.74
199201,-1.11
199202,-0.40
199203,-0.78
199204,-0.30
199205,-0.80
199206,-0.50
199207,-1.00
199208,-1.03
199209,-0.47
199210,-0.37
199211,-0.53
199212,-0.11
199301,-0.75
199302,-0.61
199303,-0.74
199304,-0.49
199305,-0.25
199306,-0.54
199307,-0.32
199308,-0.48
199309,-0.03
199310,0.13
199311,-0.22
199312,-0.17
199401,-0.47
199402,-0.23
199403,-0.23
199404,-0.27
199405,-0.30
199406,-0.39
199407,-0.59
199408,-0.34
199409,-0.30
199410,-0.14
199411,0.03
199412,0.09
199501,0.14
199502,0.22
199503,0.19
199504,-0.06
199505,0.09
199506,0.25
199507,-0.08
199508,-0.29
199509,-0.16
199510,-0.24
199511,0.09
199512,-0.13
199601,-0.68
199602,-0.58
199603,-0.34
199604,-0.08
199605,0.26
199606,0.03
199607,-0.20
199608,-0.42
199609,-0.48
199610,-0.96
199611,-0.97
199612,-0.90
199701,-1.14
199702,-0.55
199703,-0.58
199704,-0.59
199705,-0.08
199706,-0.60
199707,-0.22
199708,-0.72
199709,0.21
199710,0.21
199711,0.05
199712,0.29
199801,0.16
199802,0.54
199803,0.59
199804,0.54
199805,0.45
199806,0.57
199807,0.10
199808,0.08
199809,0.13
199810,0.22
199811,0.52
199812,0.29
199901,0.02
199902,-0.22
199903,-0.15
199904,0.10
199905,0.21
199906,0.53
199907,0.32
199908,0.25
199909,-0.17
199910,-0.45
199911,-0.27
199912,0.02
200001,-0.04
200002,0.05
200003,0.30
200004,-0.37
200005,-0.16
200006,-0.40
200007,-0.16
200008,-0.26
200009,-0.34
200010,-0.47
200011,-0.30
200012,-0.48
200101,-0.41
200102,-0.37
200103,0.00
200104,-0.16
200105,0.17
200106,-0.39
200107,-0.40
200108,-0.50
200109,-0.40
200110,-0.38
200111,-0.72
200112,-0.63
200201,-0.20
200202,-0.15
200203,-0.18
200204,-0.15
200205,-0.04
200206,0.36
200207,0.31
200208,0.17
200209,-0.62
200210,-0.37
200211,-0.13
200212,-0.10
200301,0.11
200302,0.11
200303,0.49
200304,0.04
200305,0.18
200306,-0.04
200307,0.02
200308,0.47
200309,0.19
200310,0.42
200311,0.04
200312,0.14
200401,0.08
200402,-0.03
200403,-0.11
200404,-0.41
200405,-0.61
200406,-0.29
200407,-0.34
200408,0.11
200409,0.43
200410,0.56
200411,0.49
200412,0.07
200501,0.37
200502,0.09
200503,0.25
200504,0.30
200505,-0.40
200506,-0.70
200507,-0.53
200508,-0.36
200509,-0.08
200510,-0.08
200511,0.12
200512,-0.02
200601,-0.18
200602,-0.05
200603,-0.14
200604,-0.06
200605,-0.27
200606,0.47
200607,0.21
200608,0.01
200609,0.03
200610,0.03
200611,0.28
200612,0.24
200701,0.05
200702,0.22
200703,-0.03
200704,-0.03
200705,0.12
200706,0.32
200707,0.42
200708,0.45
200709,0.41
200710,0.06
200711,0.04
200712,-0.08
200801,0.25
200802,-0.04
200803,0.09
200804,-0.22
200805,0.07
200806,-0.10
200807,0.16
200808,0.37
200809,0.30
200810,0.48
200811,0.21
200812,0.02
200901,0.13
200902,-0.38
200903,-0.05
200904,-0.09
200905,0.15
200906,0.26
200907,0.16
200908,-0.01
200909,0.12
200910,-0.08
200911,-0.05
200912,0.43
201001,0.42
201002,0.62
201003,0.49
201004,0.43
201005,-0.18
201006,-0.09
201007,0.04
201008,0.18
201009,-0.01
201010,0.18
201011,0.06
201012,0.16
201101,-0.08
201102,-0.01
201103,-0.23
201104,-0.07
201105,-0.65
201106,-0.29
201107,-0.40
201108,-0.06
201109,-0.57
201110,-0.39
201111,-0.57
201112,-0.68
201201,-0.14
201202,-0.92
201203,-0.31
201204,-0.47
201205,-0.23
201206,-0.02
201207,0.04
201208,-0.12
201209,0.31
201210,0.39
201211,0.11
201212,0.02
201301,0.43
201302,0.52
201303,0.22
201304,0.52
201305,-0.09
201306,0.14
201307,-0.12
201308,-0.17
201309,-0.16
201310,-0.40
201311,-0.26
201312,-0.18
201401,-0.11
201402,0.20
201403,-0.15
201404,0.18
201405,0.32
201406,0.24
201407,0.17
201408,0.13
201409,0.08
201410,0.03
201411,-0.25
201412,-0.11
201501,-0.23
201502,-0.01
201503,0.00
201504,0.30
201505,0.45
201506,-0.11
201507,0.21
201508,0.10
201509,0.02
201510,0.34
201511,0.47
201512,0.49
201601,0.62
201602,0.06
201603,0.70
201604,0.22
201605,0.47
201606,0.34
201607,0.35
201608,0.50
201609,0.58
201610,0.82
201611,0.77
201612,0.26
201701,0.38
201702,0.41
201703,0.19
201704,0.23
201705,0.46
201706,0.29
201707,0.41
201708,0.47
201709,0.51
201710,0.63
201711,0.59
201712,0.05
201801,0.50
201802,0.05
201803,0.02
201804,0.09
201805,-0.06
201806,-0.02
201807,0.50
201808,0.55
201809,0.22
201810,-0.06
201811,0.24
201812,0.59
201901,0.87
201902,0.61
201903,0.23
201904,0.73
201905,0.51
201906,0.31
201907,0.44
201908,0.87
201909,0.58
201910,0.41
201911,0.80
201912,0.97
202001,1.13
202002,0.97
202003,0.53
202004,0.61
202005,0.35
202006,0.13
202007,0.18
202008,0.19
202009,-0.17
202010,0.17
202011,0.19
202012,0.18
202101,0.18
202102,0.27
202103,-0.22
202104,0.16
202105,0.15
202106,0.82
202107,0.87
202108,0.78
202109,0.74
202110,0.69
202111,0.54
202112,0.35
202201,0.13
202202,0.04
202203,0.08
202204,-0.01
202205,0.18
202206,-0.06
202207,0.07
202208,0.01
202209,0.15
202210,0.22
202211,0.18
202212,-0.08
202301,0.22
202302,0.32
202303,0.49
202304,0.63
202305,0.91
202306,0.50
202307,0.76
202308,0.81
202309,0.95
202310,1.09
202311,0.97
202312,1.16
202401,1.09
202402,1.35
202403,1.14
202404,1.38
202405,1.20
202406,0.71
202407,0.85
202408,-0.04
202409,0.31
202410,0.51
202411,0.29
202412,0.59
